 ;hut::HUT                                                 , winput::Vk              , windows::VIRTUAL_KEY                   , vkcode , hkcode , enigo::Key                              , #[cfg(enigo::Key)] , xkeysym::Keysym                   , macos::KeyCode                          ,
 Button::Button(1)                                         , Vk::MouseLeft           , VK_LBUTTON                             ,  0x01  ,  n!()  , Enigo::LButton                          , #[windows]         , todo!(Keysym)                     , todo!(CG)                               ,
 Button::Button(2)                                         , Vk::MouseRight          , VK_RBUTTON                             ,  0x02  ,  n!()  , Enigo::RButton                          , #[windows]         , todo!(Keysym)                     , todo!(CG)                               ,
 Button::Button(3)                                         , Vk::MouseMiddle         , VK_MBUTTON                             ,  0x04  ,  n!()  , Enigo::MButton                          , #[windows]         , todo!(Keysym)                     , todo!(CG)                               ,
 Button::Button(4)                                         , Vk::MouseX1             , VK_XBUTTON1                            ,  0x05  ,  n!()  , Enigo::XButton1                         , #[windows]         , todo!(Keysym)                     , todo!(CG)                               ,
 Button::Button(5)                                         , Vk::MouseX2             , VK_XBUTTON2                            ,  0x06  ,  n!()  , Enigo::XButton2                         , #[windows]         , todo!(Keysym)                     , todo!(CG)                               ,
 Consumer::ACBack                                          , Vk::BrowserBack         , VK_BROWSER_BACK                        ,  0xA6  ,  n!()  , Enigo::BrowserBack                      , #[windows]         , todo!(Keysym)                     , todo!(CG)                               ,
 Consumer::ACBookmarks                                     , Vk::BrowserFavorites    , VK_BROWSER_FAVORITES                   ,  0xAB  ,  n!()  , Enigo::BrowserFavorites                 , #[windows]         , todo!(Keysym)                     , todo!(CG)                               ,
 Consumer::ACForward                                       , Vk::BrowserForward      , VK_BROWSER_FORWARD                     ,  0xA7  ,  n!()  , Enigo::BrowserForward                   , #[windows]         , todo!(Keysym)                     , todo!(CG)                               ,
 Consumer::ACHome                                          , Vk::BrowserHome         , VK_BROWSER_HOME                        ,  0xAC  ,  n!()  , Enigo::BrowserHome                      , #[windows]         , todo!(Keysym)                     , todo!(CG)                               ,
 Consumer::ACRefresh                                       , Vk::BrowserRefresh      , VK_BROWSER_REFRESH                     ,  0xA8  ,  n!()  , Enigo::BrowserRefresh                   , #[windows]         , todo!(Keysym)                     , todo!(CG)                               ,
 Consumer::ACSearch                                        , Vk::BrowserSearch       , VK_BROWSER_SEARCH                      ,  0xAA  ,  n!()  , Enigo::BrowserSearch                    , #[windows]         , todo!(Keysym)                     , todo!(CG)                               ,
 Consumer::ACStop                                          , Vk::BrowserStop         , VK_BROWSER_STOP                        ,  0xA9  ,  n!()  , Enigo::BrowserStop                      , #[windows]         , todo!(Keysym)                     , todo!(CG)                               ,
 Consumer::ALEmailReader                                   , Vk::StartMail           , VK_LAUNCH_MAIL                         ,  0xB4  ,  n!()  , Enigo::LaunchMail                       , #[windows]         , todo!(Keysym)                     , todo!(CG)                               ,
 Consumer::MediaSelection                                  , Vk::SelectMedia         , VK_LAUNCH_MEDIA_SELECT                 ,  0xB5  ,  n!()  , Enigo::LaunchMediaSelect                , #[windows]         , todo!(Keysym)                     , todo!(CG)                               ,
 Consumer::Mute                                            , Vk::VolumeMute          , VK_VOLUME_MUTE                         ,  0xAD  ,  n!()  , Enigo::VolumeMute                       ,                    , Keysym::XF86_AudioMute            , KeyCode::MUTE                           ,
 Consumer::PlayPause                                       , Vk::MediaPlayPause      , VK_MEDIA_PLAY_PAUSE                    ,  0xB3  ,  n!()  , Enigo::MediaPlayPause                   ,                    , Keysym::XF86_AudioPlay            , todo!(CG)                               ,
 Consumer::ScanNextTrack                                   , Vk::NextTrack           , VK_MEDIA_NEXT_TRACK                    ,  0xB0  ,  n!()  , Enigo::MediaNextTrack                   ,                    , Keysym::XF86_AudioNext            , todo!(CG)                               ,
 Consumer::ScanPreviousTrack                               , Vk::PrevTrack           , VK_MEDIA_PREV_TRACK                    ,  0xB1  ,  n!()  , Enigo::MediaPrevTrack                   ,                    , Keysym::XF86_AudioPrev            , todo!(CG)                               ,
 Consumer::Stop                                            , Vk::MediaStop           , VK_MEDIA_STOP                          ,  0xB2  ,  n!()  , Enigo::MediaStop                        , #[windows|linux]   , Keysym::XF86_AudioStop            , todo!(CG)                               ,
 Consumer::VolumeDecrement                                 , Vk::VolumeDown          , VK_VOLUME_DOWN                         ,  0xAE  ,  n!()  , Enigo::VolumeDown                       ,                    , Keysym::XF86_AudioLowerVolume     , KeyCode::VOLUME_DOWN                    ,
 Consumer::VolumeIncrement                                 , Vk::VolumeUp            , VK_VOLUME_UP                           ,  0xAF  ,  n!()  , Enigo::VolumeUp                         ,                    , Keysym::XF86_AudioRaiseVolume     , KeyCode::VOLUME_UP                      ,
 GenericDesktop::SystemSleep                               , Vk::Sleep               , VK_SLEEP                               ,  0x5F  ,  n!()  , Enigo::Sleep                            , #[windows]         , todo!(Keysym)                     , todo!(CG)                               ,
 KeyboardKeypad::Keyboard0andRightBracket                  , Vk::_0                  , VK_0                                   ,  0x30  ,  n!()  , Enigo::Num0                             , #[windows]         , Keysym::_0                        , KeyCodeExt::kVK_ANSI_0                  ,
 KeyboardKeypad::Keyboard1andBang                          , Vk::_1                  , VK_1                                   ,  0x31  ,  n!()  , Enigo::Num1                             , #[windows]         , Keysym::_1                        , KeyCodeExt::kVK_ANSI_1                  ,
 KeyboardKeypad::Keyboard2andAt                            , Vk::_2                  , VK_2                                   ,  0x32  ,  n!()  , Enigo::Num2                             , #[windows]         , Keysym::_2                        , KeyCodeExt::kVK_ANSI_2                  ,
 KeyboardKeypad::Keyboard3andHash                          , Vk::_3                  , VK_3                                   ,  0x33  ,  n!()  , Enigo::Num3                             , #[windows]         , Keysym::_3                        , KeyCodeExt::kVK_ANSI_3                  ,
 KeyboardKeypad::Keyboard4andDollar                        , Vk::_4                  , VK_4                                   ,  0x34  ,  n!()  , Enigo::Num4                             , #[windows]         , Keysym::_4                        , KeyCodeExt::kVK_ANSI_4                  ,
 KeyboardKeypad::Keyboard5andPercent                       , Vk::_5                  , VK_5                                   ,  0x35  ,  n!()  , Enigo::Num5                             , #[windows]         , Keysym::_5                        , KeyCodeExt::kVK_ANSI_5                  ,
 KeyboardKeypad::Keyboard6andCaret                         , Vk::_6                  , VK_6                                   ,  0x36  ,  n!()  , Enigo::Num6                             , #[windows]         , Keysym::_6                        , KeyCodeExt::kVK_ANSI_6                  ,
 KeyboardKeypad::Keyboard7andAmpersand                     , Vk::_7                  , VK_7                                   ,  0x37  ,  n!()  , Enigo::Num7                             , #[windows]         , Keysym::_7                        , KeyCodeExt::kVK_ANSI_7                  ,
 KeyboardKeypad::Keyboard8andStar                          , Vk::_8                  , VK_8                                   ,  0x38  ,  n!()  , Enigo::Num8                             , #[windows]         , Keysym::_8                        , KeyCodeExt::kVK_ANSI_8                  ,
 KeyboardKeypad::Keyboard9andLeftBracket                   , Vk::_9                  , VK_9                                   ,  0x39  ,  n!()  , Enigo::Num9                             , #[windows]         , Keysym::_9                        , KeyCodeExt::kVK_ANSI_9                  ,
 KeyboardKeypad::KeyboardA                                 , Vk::A                   , VK_A                                   ,  0x41  ,  n!()  , Enigo::A                                , #[windows]         , Keysym::A                         , KeyCodeExt::kVK_ANSI_A                  ,
 KeyboardKeypad::KeyboardApplication                       , Vk::Apps                , VK_APPS                                ,  0x5D  ,  0x65  , Enigo::Apps                             , #[windows]         , todo!(Keysym)                     , todo!(CG)                               ,
 KeyboardKeypad::KeyboardB                                 , Vk::B                   , VK_B                                   ,  0x42  ,  n!()  , Enigo::B                                , #[windows]         , Keysym::B                         , KeyCodeExt::kVK_ANSI_B                  ,
 KeyboardKeypad::KeyboardBackslashandPipe                  , Vk::Oem5                , VK_OEM_5                               ,  0xDC  ,  0x31  , Enigo::OEM5                             , #[windows]         , todo!(Keysym)                     , todo!(CG)                               ,
 KeyboardKeypad::KeyboardC                                 , Vk::C                   , VK_C                                   ,  0x43  ,  n!()  , Enigo::C                                , #[windows]         , Keysym::C                         , KeyCodeExt::kVK_ANSI_C                  ,
 KeyboardKeypad::KeyboardCancel                            , Vk::Cancel              , VK_CANCEL                              ,  0x03  ,  n!()  , Enigo::Cancel                           , #[windows|linux]   , Keysym::Cancel                    , todo!(CG)                               ,
 KeyboardKeypad::KeyboardCapsLock                          , Vk::CapsLock            , VK_CAPITAL                             ,  0x14  ,  n!()  , Enigo::CapsLock                         ,                    , Keysym::Caps_Lock                 , KeyCode::CAPS_LOCK                      ,
 KeyboardKeypad::KeyboardClear                             , Vk::Clear               , VK_CLEAR                               ,  0x0C  ,  n!()  , Enigo::Clear                            , #[windows|linux]   , Keysym::Clear                     , todo!(CG)                               ,
 KeyboardKeypad::KeyboardCommaandLessThan                  , Vk::Comma               , VK_OEM_COMMA                           ,  0xBC  ,  0x36  , Enigo::OEMComma                         , #[windows]         , todo!(Keysym)                     , todo!(CG)                               ,
 KeyboardKeypad::KeyboardD                                 , Vk::D                   , VK_D                                   ,  0x44  ,  n!()  , Enigo::D                                , #[windows]         , Keysym::D                         , KeyCodeExt::kVK_ANSI_D                  ,
 KeyboardKeypad::KeyboardDashandUnderscore                 , Vk::Minus               , VK_OEM_MINUS                           ,  0xBD  ,  0x2D  , Enigo::OEMMinus                         , #[windows]         , todo!(Keysym)                     , todo!(CG)                               ,
 KeyboardKeypad::KeyboardDelete                            , Vk::Backspace           , VK_BACK                                ,  0x08  ,  n!()  , Enigo::Backspace                        ,                    , Keysym::BackSpace                 , KeyCode::DELETE                         ,
 KeyboardKeypad::KeyboardDeleteForward                     , Vk::Delete              , VK_DELETE                              ,  0x2E  ,  n!()  , Enigo::Delete                           ,                    , Keysym::Delete                    , KeyCode::FORWARD_DELETE                 ,
 KeyboardKeypad::KeyboardDownArrow                         , Vk::DownArrow           , VK_DOWN                                ,  0x28  ,  n!()  , Enigo::DownArrow                        ,                    , Keysym::Down                      , KeyCode::DOWN_ARROW                     ,
 KeyboardKeypad::KeyboardE                                 , Vk::E                   , VK_E                                   ,  0x45  ,  n!()  , Enigo::E                                , #[windows]         , Keysym::E                         , KeyCodeExt::kVK_ANSI_E                  ,
 KeyboardKeypad::KeyboardEnd                               , Vk::End                 , VK_END                                 ,  0x23  ,  n!()  , Enigo::End                              ,                    , Keysym::End                       , KeyCode::END                            ,
 KeyboardKeypad::KeyboardEqualsandPlus                     , Vk::Plus                , VK_OEM_PLUS                            ,  0xBB  ,  0x2E  , Enigo::OEMPlus                          , #[windows]         , todo!(Keysym)                     , todo!(CG)                               ,
 KeyboardKeypad::KeyboardEscape                            , Vk::Escape              , VK_ESCAPE                              ,  0x1B  ,  n!()  , Enigo::Escape                           ,                    , Keysym::Escape                    , KeyCode::ESCAPE                         ,
 KeyboardKeypad::KeyboardExecute                           , Vk::Execute             , VK_EXECUTE                             ,  0x2B  ,  n!()  , Enigo::Execute                          , #[windows|linux]   , Keysym::Execute                   , todo!(CG)                               ,
 KeyboardKeypad::KeyboardF                                 , Vk::F                   , VK_F                                   ,  0x46  ,  n!()  , Enigo::F                                , #[windows]         , Keysym::F                         , KeyCodeExt::kVK_ANSI_F                  ,
 KeyboardKeypad::KeyboardF1                                , Vk::F1                  , VK_F1                                  ,  0x70  ,  0x3A  , Enigo::F1                               ,                    , Keysym::F1                        , KeyCode::F1                             ,
 KeyboardKeypad::KeyboardF10                               , Vk::F10                 , VK_F10                                 ,  0x79  ,  0x43  , Enigo::F10                              ,                    , Keysym::F10                       , KeyCode::F10                            ,
 KeyboardKeypad::KeyboardF11                               , Vk::F11                 , VK_F11                                 ,  0x7A  ,  0x44  , Enigo::F11                              ,                    , Keysym::F11                       , KeyCode::F11                            ,
 KeyboardKeypad::KeyboardF12                               , Vk::F12                 , VK_F12                                 ,  0x7B  ,  0x45  , Enigo::F12                              ,                    , Keysym::F12                       , KeyCode::F12                            ,
 KeyboardKeypad::KeyboardF13                               , Vk::F13                 , VK_F13                                 ,  0x7C  ,  0x68  , Enigo::F13                              ,                    , Keysym::F13                       , KeyCode::F13                            ,
 KeyboardKeypad::KeyboardF14                               , Vk::F14                 , VK_F14                                 ,  0x7D  ,  0x69  , Enigo::F14                              ,                    , Keysym::F14                       , KeyCode::F14                            ,
 KeyboardKeypad::KeyboardF15                               , Vk::F15                 , VK_F15                                 ,  0x7E  ,  0x6A  , Enigo::F15                              ,                    , Keysym::F15                       , KeyCode::F15                            ,
 KeyboardKeypad::KeyboardF16                               , Vk::F16                 , VK_F16                                 ,  0x7F  ,  0x6B  , Enigo::F16                              ,                    , Keysym::F16                       , KeyCode::F16                            ,
 KeyboardKeypad::KeyboardF17                               , Vk::F17                 , VK_F17                                 ,  0x80  ,  0x6C  , Enigo::F17                              ,                    , Keysym::F17                       , KeyCode::F17                            ,
 KeyboardKeypad::KeyboardF18                               , Vk::F18                 , VK_F18                                 ,  0x81  ,  0x6D  , Enigo::F18                              ,                    , Keysym::F18                       , KeyCode::F18                            ,
 KeyboardKeypad::KeyboardF19                               , Vk::F19                 , VK_F19                                 ,  0x82  ,  0x6E  , Enigo::F19                              ,                    , Keysym::F19                       , KeyCode::F19                            ,
 KeyboardKeypad::KeyboardF2                                , Vk::F2                  , VK_F2                                  ,  0x71  ,  0x3B  , Enigo::F2                               ,                    , Keysym::F2                        , KeyCode::F2                             ,
 KeyboardKeypad::KeyboardF20                               , Vk::F20                 , VK_F20                                 ,  0x83  ,  0x6F  , Enigo::F20                              ,                    , Keysym::F20                       , KeyCode::F20                            ,
 KeyboardKeypad::KeyboardF21                               , Vk::F21                 , VK_F21                                 ,  0x84  ,  0x70  , Enigo::F21                              , #[windows|linux]   , Keysym::F21                       , todo!(CG)                               ,
 KeyboardKeypad::KeyboardF22                               , Vk::F22                 , VK_F22                                 ,  0x85  ,  0x71  , Enigo::F22                              , #[windows|linux]   , Keysym::F22                       , todo!(CG)                               ,
 KeyboardKeypad::KeyboardF23                               , Vk::F23                 , VK_F23                                 ,  0x86  ,  0x72  , Enigo::F23                              , #[windows|linux]   , Keysym::F23                       , todo!(CG)                               ,
 KeyboardKeypad::KeyboardF24                               , Vk::F24                 , VK_F24                                 ,  0x87  ,  0x73  , Enigo::F24                              , #[windows|linux]   , Keysym::F24                       , todo!(CG)                               ,
 KeyboardKeypad::KeyboardF3                                , Vk::F3                  , VK_F3                                  ,  0x72  ,  0x3C  , Enigo::F3                               ,                    , Keysym::F3                        , KeyCode::F3                             ,
 KeyboardKeypad::KeyboardF4                                , Vk::F4                  , VK_F4                                  ,  0x73  ,  0x3D  , Enigo::F4                               ,                    , Keysym::F4                        , KeyCode::F4                             ,
 KeyboardKeypad::KeyboardF5                                , Vk::F5                  , VK_F5                                  ,  0x74  ,  0x3E  , Enigo::F5                               ,                    , Keysym::F5                        , KeyCode::F5                             ,
 KeyboardKeypad::KeyboardF6                                , Vk::F6                  , VK_F6                                  ,  0x75  ,  0x3F  , Enigo::F6                               ,                    , Keysym::F6                        , KeyCode::F6                             ,
 KeyboardKeypad::KeyboardF7                                , Vk::F7                  , VK_F7                                  ,  0x76  ,  0x40  , Enigo::F7                               ,                    , Keysym::F7                        , KeyCode::F7                             ,
 KeyboardKeypad::KeyboardF8                                , Vk::F8                  , VK_F8                                  ,  0x77  ,  0x41  , Enigo::F8                               ,                    , Keysym::F8                        , KeyCode::F8                             ,
 KeyboardKeypad::KeyboardF9                                , Vk::F9                  , VK_F9                                  ,  0x78  ,  0x42  , Enigo::F9                               ,                    , Keysym::F9                        , KeyCode::F9                             ,
 KeyboardKeypad::KeyboardForwardSlashandQuestionMark       , Vk::Oem2                , VK_OEM_2                               ,  0xBF  ,  0x38  , Enigo::OEM2                             , #[windows]         , todo!(Keysym)                     , todo!(CG)                               ,
 KeyboardKeypad::KeyboardG                                 , Vk::G                   , VK_G                                   ,  0x47  ,  n!()  , Enigo::G                                , #[windows]         , Keysym::G                         , KeyCodeExt::kVK_ANSI_G                  ,
 KeyboardKeypad::KeyboardGraveAccentandTilde               , Vk::Oem3                , VK_OEM_3                               ,  0xC0  ,  0x35  , Enigo::OEM3                             , #[windows]         , todo!(Keysym)                     , todo!(CG)                               ,
 KeyboardKeypad::KeyboardH                                 , Vk::H                   , VK_H                                   ,  0x48  ,  n!()  , Enigo::H                                , #[windows]         , Keysym::H                         , KeyCodeExt::kVK_ANSI_H                  ,
 KeyboardKeypad::KeyboardHelp                              , Vk::Help                , VK_HELP                                ,  0x2F  ,  n!()  , Enigo::Help                             ,                    , Keysym::Help                      , KeyCode::HELP                           ,
 KeyboardKeypad::KeyboardHome                              , Vk::Home                , VK_HOME                                ,  0x24  ,  n!()  , Enigo::Home                             ,                    , Keysym::Home                      , KeyCode::HOME                           ,
 KeyboardKeypad::KeyboardI                                 , Vk::I                   , VK_I                                   ,  0x49  ,  n!()  , Enigo::I                                , #[windows]         , Keysym::I                         , KeyCodeExt::kVK_ANSI_I                  ,
 KeyboardKeypad::KeyboardInsert                            , Vk::Insert              , VK_INSERT                              ,  0x2D  ,  n!()  , Enigo::Insert                           , #[windows|linux]   , Keysym::Insert                    , todo!(CG)                               ,
 KeyboardKeypad::KeyboardJ                                 , Vk::J                   , VK_J                                   ,  0x4A  ,  n!()  , Enigo::J                                , #[windows]         , Keysym::J                         , KeyCodeExt::kVK_ANSI_J                  ,
 KeyboardKeypad::KeyboardK                                 , Vk::K                   , VK_K                                   ,  0x4B  ,  n!()  , Enigo::K                                , #[windows]         , Keysym::K                         , KeyCodeExt::kVK_ANSI_K                  ,
 KeyboardKeypad::KeyboardL                                 , Vk::L                   , VK_L                                   ,  0x4C  ,  n!()  , Enigo::L                                , #[windows]         , Keysym::L                         , KeyCodeExt::kVK_ANSI_L                  ,
 KeyboardKeypad::KeyboardLeftAlt                           , Vk::LeftMenu            , VK_LMENU                               ,  0xA4  ,  0xE2  , Enigo::LMenu                            , #[windows|linux]   , Keysym::Menu                      , todo!(CG)                               ,
 KeyboardKeypad::KeyboardLeftAlt*                          , Vk::Alt                 , VK_MENU                                ,  0x12  ,  0xE2  , Enigo::Alt                              ,                    , Keysym::Alt_L                     , KeyCode::OPTION                         ,
 KeyboardKeypad::KeyboardLeftAlt*                          , Vk::Alt*                , VK_MENU                                ,  0x12  ,  0xE2  , Enigo::Option                           ,                    , Keysym::Alt_L                     , KeyCode::OPTION                         ,
 KeyboardKeypad::KeyboardLeftAposandDouble                 , Vk::Oem7                , VK_OEM_7                               ,  0xDE  ,  0x34  , Enigo::OEM7                             , #[windows]         , todo!(Keysym)                     , todo!(CG)                               ,
 KeyboardKeypad::KeyboardLeftArrow                         , Vk::LeftArrow           , VK_LEFT                                ,  0x25  ,  n!()  , Enigo::LeftArrow                        ,                    , Keysym::Left                      , KeyCode::LEFT_ARROW                     ,
 KeyboardKeypad::KeyboardLeftBrace                         , Vk::Oem4                , VK_OEM_4                               ,  0xDB  ,  0x2F  , Enigo::OEM4                             , #[windows]         , todo!(Keysym)                     , todo!(CG)                               ,
 KeyboardKeypad::KeyboardLeftControl                       , Vk::Control             , VK_CONTROL                             ,  0x11  ,  n!()  , Enigo::Control                          ,                    , Keysym::Control_L                 , KeyCode::CONTROL                        ,
 KeyboardKeypad::KeyboardLeftControl                       , Vk::LeftControl         , VK_LCONTROL                            ,  0xA2  ,  0xE0  , Enigo::LControl                         ,                    , Keysym::Control_L                 , KeyCode::CONTROL                        ,
 KeyboardKeypad::KeyboardLeftGUI                           , Vk::LeftWin             , VK_LWIN                                ,  0x5B  ,  0xE3  , Enigo::LWin                             , #[windows]         , todo!(Keysym)                     , todo!(CG)                               ,
 KeyboardKeypad::KeyboardLeftGUI*                          , Vk::LeftWin*            , VK_LWIN                                ,  0x5B  ,  0xE3  , Enigo::Command                          ,                    , Keysym::Super_L                   , KeyCode::COMMAND                        ,
 KeyboardKeypad::KeyboardLeftGUI*                          , Vk::LeftWin*            , VK_LWIN                                ,  0x5B  ,  0xE3  , Enigo::Meta                             ,                    , Keysym::Super_L                   , KeyCode::COMMAND                        ,
 KeyboardKeypad::KeyboardLeftGUI*                          , Vk::LeftWin*            , VK_LWIN                                ,  0x5B  ,  0xE3  , Enigo::Super                            ,                    , Keysym::Super_L                   , KeyCode::COMMAND                        ,
 KeyboardKeypad::KeyboardLeftGUI*                          , Vk::LeftWin*            , VK_LWIN                                ,  0x5B  ,  0xE3  , Enigo::Windows                          ,                    , Keysym::Super_L                   , KeyCode::COMMAND                        ,
 KeyboardKeypad::KeyboardLeftShift                         , Vk::LeftShift           , VK_LSHIFT                              ,  0xA0  ,  0xE1  , Enigo::LShift                           ,                    , Keysym::Shift_L                   , KeyCode::SHIFT                          ,
 KeyboardKeypad::KeyboardLeftShift*                        , Vk::Shift               , VK_SHIFT                               ,  0x10  ,  n!()  , Enigo::Shift                            ,                    , Keysym::Shift_L                   , KeyCode::SHIFT                          ,
 KeyboardKeypad::KeyboardM                                 , Vk::M                   , VK_M                                   ,  0x4D  ,  n!()  , Enigo::M                                , #[windows]         , Keysym::M                         , KeyCodeExt::kVK_ANSI_M                  ,
 KeyboardKeypad::KeyboardN                                 , Vk::N                   , VK_N                                   ,  0x4E  ,  n!()  , Enigo::N                                , #[windows]         , Keysym::N                         , KeyCodeExt::kVK_ANSI_N                  ,
 KeyboardKeypad::KeyboardNonUSBackslashandPipe             , Vk::Oem102              , VK_OEM_102                             ,  0xE2  ,  0x64  , Enigo::OEM102                           , #[windows]         , todo!(Keysym)                     , todo!(CG)                               ,
 KeyboardKeypad::KeyboardO                                 , Vk::O                   , VK_O                                   ,  0x4F  ,  n!()  , Enigo::O                                , #[windows]         , Keysym::O                         , KeyCodeExt::kVK_ANSI_O                  ,
 KeyboardKeypad::KeyboardP                                 , Vk::P                   , VK_P                                   ,  0x50  ,  n!()  , Enigo::P                                , #[windows]         , Keysym::P                         , KeyCodeExt::kVK_ANSI_P                  ,
 KeyboardKeypad::KeyboardPageDown                          , Vk::PageDown            , VK_NEXT                                ,  0x22  ,  n!()  , Enigo::PageDown                         ,                    , Keysym::Page_Down                 , KeyCode::PAGE_DOWN                      ,
 KeyboardKeypad::KeyboardPageUp                            , Vk::PageUp              , VK_PRIOR                               ,  0x21  ,  n!()  , Enigo::PageUp                           ,                    , Keysym::Page_Up                   , KeyCode::PAGE_UP                        ,
 KeyboardKeypad::KeyboardPause                             , Vk::Pause               , VK_PAUSE                               ,  0x13  ,  n!()  , Enigo::Pause                            , #[windows|linux]   , Keysym::Pause                     , todo!(CG)                               ,
 KeyboardKeypad::KeyboardPeriodandGreaterThan              , Vk::Period              , VK_OEM_PERIOD                          ,  0xBE  ,  0x37  , Enigo::OEMPeriod                        , #[windows]         , todo!(Keysym)                     , todo!(CG)                               ,
 KeyboardKeypad::KeyboardPrintScreen                       , Vk::PrintScreen         , VK_SNAPSHOT                            ,  0x2C  ,  n!()  , Enigo::PrintScr                         , #[windows|linux]   , Keysym::Print                     , todo!(CG)                               ,
 KeyboardKeypad::KeyboardPrintScreen*                      , Vk::PrintScreen*        , VK_SNAPSHOT*                           ,  0x2C  ,  n!()  , Enigo::Snapshot                         , #[windows]         , todo!(Keysym)                     , todo!(CG)                               ,
 KeyboardKeypad::KeyboardQ                                 , Vk::Q                   , VK_Q                                   ,  0x51  ,  n!()  , Enigo::Q                                , #[windows]         , Keysym::Q                         , KeyCodeExt::kVK_ANSI_Q                  ,
 KeyboardKeypad::KeyboardR                                 , Vk::R                   , VK_R                                   ,  0x52  ,  n!()  , Enigo::R                                , #[windows]         , Keysym::R                         , KeyCodeExt::kVK_ANSI_R                  ,
 KeyboardKeypad::KeyboardReturnEnter                       , Vk::Enter               , VK_RETURN                              ,  0x0D  ,  n!()  , Enigo::Return                           ,                    , Keysym::Return                    , KeyCode::RETURN                         ,
 KeyboardKeypad::KeyboardRightAlt                          , Vk::RightMenu           , VK_RMENU                               ,  0xA5  ,  0xE6  , Enigo::RMenu                            , #[windows]         , todo!(Keysym)                     , todo!(CG)                               ,
 KeyboardKeypad::KeyboardRightArrow                        , Vk::RightArrow          , VK_RIGHT                               ,  0x27  ,  n!()  , Enigo::RightArrow                       ,                    , Keysym::Right                     , KeyCode::RIGHT_ARROW                    ,
 KeyboardKeypad::KeyboardRightBrace                        , Vk::Oem6                , VK_OEM_6                               ,  0xDD  ,  0x30  , Enigo::OEM6                             , #[windows]         , todo!(Keysym)                     , todo!(CG)                               ,
 KeyboardKeypad::KeyboardRightControl                      , Vk::RightControl        , VK_RCONTROL                            ,  0xA3  ,  0xE4  , Enigo::RControl                         ,                    , Keysym::Control_R                 , KeyCode::RIGHT_CONTROL                  ,
 KeyboardKeypad::KeyboardRightGUI                          , Vk::RightWin            , VK_RWIN                                ,  0x5C  ,  0xE7  , Enigo::RWin                             , #[windows]         , todo!(Keysym)                     , todo!(CG)                               ,
 KeyboardKeypad::KeyboardRightShift                        , Vk::RightShift          , VK_RSHIFT                              ,  0xA1  ,  0xE5  , Enigo::RShift                           ,                    , Keysym::Shift_R                   , KeyCode::RIGHT_SHIFT                    ,
 KeyboardKeypad::KeyboardS                                 , Vk::S                   , VK_S                                   ,  0x53  ,  n!()  , Enigo::S                                , #[windows]         , Keysym::S                         , KeyCodeExt::kVK_ANSI_S                  ,
 KeyboardKeypad::KeyboardScrollLock                        , Vk::Scroll              , VK_SCROLL                              ,  0x91  ,  0x47  , Enigo::Scroll                           , #[windows]         , Keysym::Scroll_Lock*              , todo!(CG)                               ,
 KeyboardKeypad::KeyboardScrollLock*                       , Vk::Scroll*             , VK_SCROLL*                             ,  0x91  ,  0x47  , Enigo::ScrollLock                       , #[linux]           , Keysym::Scroll_Lock               , todo!(CG)                               ,
 KeyboardKeypad::KeyboardSelect                            , Vk::Select              , VK_SELECT                              ,  0x29  ,  n!()  , Enigo::Select                           , #[windows|linux]   , Keysym::Select                    , todo!(CG)                               ,
 KeyboardKeypad::KeyboardSemiColonandColon                 , Vk::Oem1                , VK_OEM_1                               ,  0xBA  ,  0x33  , Enigo::OEM1                             , #[windows]         , todo!(Keysym)                     , todo!(CG)                               ,
 KeyboardKeypad::KeyboardSpacebar                          , Vk::Space               , VK_SPACE                               ,  0x20  ,  n!()  , Enigo::Space                            ,                    , Keysym::space                     , KeyCode::SPACE                          ,
 KeyboardKeypad::KeyboardT                                 , Vk::T                   , VK_T                                   ,  0x54  ,  n!()  , Enigo::T                                , #[windows]         , Keysym::T                         , KeyCodeExt::kVK_ANSI_T                  ,
 KeyboardKeypad::KeyboardTab                               , Vk::Tab                 , VK_TAB                                 ,  0x09  ,  n!()  , Enigo::Tab                              ,                    , Keysym::Tab                       , KeyCode::TAB                            ,
 KeyboardKeypad::KeyboardU                                 , Vk::U                   , VK_U                                   ,  0x55  ,  n!()  , Enigo::U                                , #[windows]         , Keysym::U                         , KeyCodeExt::kVK_ANSI_U                  ,
 KeyboardKeypad::KeyboardUpArrow                           , Vk::UpArrow             , VK_UP                                  ,  0x26  ,  n!()  , Enigo::UpArrow                          ,                    , Keysym::Up                        , KeyCode::UP_ARROW                       ,
 KeyboardKeypad::KeyboardV                                 , Vk::V                   , VK_V                                   ,  0x56  ,  n!()  , Enigo::V                                , #[windows]         , Keysym::V                         , KeyCodeExt::kVK_ANSI_V                  ,
 KeyboardKeypad::KeyboardW                                 , Vk::W                   , VK_W                                   ,  0x57  ,  n!()  , Enigo::W                                , #[windows]         , Keysym::W                         , KeyCodeExt::kVK_ANSI_W                  ,
 KeyboardKeypad::KeyboardX                                 , Vk::X                   , VK_X                                   ,  0x58  ,  n!()  , Enigo::X                                , #[windows]         , Keysym::X                         , KeyCodeExt::kVK_ANSI_X                  ,
 KeyboardKeypad::KeyboardY                                 , Vk::Y                   , VK_Y                                   ,  0x59  ,  n!()  , Enigo::Y                                , #[windows]         , Keysym::Y                         , KeyCodeExt::kVK_ANSI_Y                  ,
 KeyboardKeypad::KeyboardZ                                 , Vk::Z                   , VK_Z                                   ,  0x5A  ,  n!()  , Enigo::Z                                , #[windows]         , Keysym::Z                         , KeyCodeExt::kVK_ANSI_Z                  ,
 KeyboardKeypad::Keypad0andInsert                          , Vk::Numpad0             , VK_NUMPAD0                             ,  0x60  ,  0x62  , Enigo::Numpad0                          ,                    , Keysym::KP_0                      , KeyCodeExt::kVK_ANSI_Keypad0            ,
 KeyboardKeypad::Keypad1andEnd                             , Vk::Numpad1             , VK_NUMPAD1                             ,  0x61  ,  0x59  , Enigo::Numpad1                          ,                    , Keysym::KP_1                      , KeyCodeExt::kVK_ANSI_Keypad1            ,
 KeyboardKeypad::Keypad2andDownArrow                       , Vk::Numpad2             , VK_NUMPAD2                             ,  0x62  ,  0x5A  , Enigo::Numpad2                          ,                    , Keysym::KP_2                      , KeyCodeExt::kVK_ANSI_Keypad2            ,
 KeyboardKeypad::Keypad3andPageDn                          , Vk::Numpad3             , VK_NUMPAD3                             ,  0x63  ,  0x5B  , Enigo::Numpad3                          ,                    , Keysym::KP_3                      , KeyCodeExt::kVK_ANSI_Keypad3            ,
 KeyboardKeypad::Keypad4andLeftArrow                       , Vk::Numpad4             , VK_NUMPAD4                             ,  0x64  ,  0x5C  , Enigo::Numpad4                          ,                    , Keysym::KP_4                      , KeyCodeExt::kVK_ANSI_Keypad4            ,
 KeyboardKeypad::Keypad5                                   , Vk::Numpad5             , VK_NUMPAD5                             ,  0x65  ,  0x5D  , Enigo::Numpad5                          ,                    , Keysym::KP_5                      , KeyCodeExt::kVK_ANSI_Keypad5            ,
 KeyboardKeypad::Keypad6andRightArrow                      , Vk::Numpad6             , VK_NUMPAD6                             ,  0x66  ,  0x5E  , Enigo::Numpad6                          ,                    , Keysym::KP_6                      , KeyCodeExt::kVK_ANSI_Keypad6            ,
 KeyboardKeypad::Keypad7andHome                            , Vk::Numpad7             , VK_NUMPAD7                             ,  0x67  ,  0x5F  , Enigo::Numpad7                          ,                    , Keysym::KP_7                      , KeyCodeExt::kVK_ANSI_Keypad7            ,
 KeyboardKeypad::Keypad8andUpArrow                         , Vk::Numpad8             , VK_NUMPAD8                             ,  0x68  ,  0x60  , Enigo::Numpad8                          ,                    , Keysym::KP_8                      , KeyCodeExt::kVK_ANSI_Keypad8            ,
 KeyboardKeypad::Keypad9andPageUp                          , Vk::Numpad9             , VK_NUMPAD9                             ,  0x69  ,  0x61  , Enigo::Numpad9                          ,                    , Keysym::KP_9                      , KeyCodeExt::kVK_ANSI_Keypad9            ,
 KeyboardKeypad::KeypadDash                                , Vk::Subtract            , VK_SUBTRACT                            ,  0x6D  ,  0x56  , Enigo::Subtract                         ,                    , Keysym::KP_Subtract               , KeyCodeExt::kVK_ANSI_KeypadMinus        ,
 KeyboardKeypad::KeypadForwardSlash                        , Vk::Divide              , VK_DIVIDE                              ,  0x6F  ,  0x54  , Enigo::Divide                           ,                    , Keysym::KP_Divide                 , KeyCodeExt::kVK_ANSI_KeypadDivide       ,
 KeyboardKeypad::KeypadNumLockandClear                     , Vk::Numlock             , VK_NUMLOCK                             ,  0x90  ,  0x53  , Enigo::Numlock                          , #[windows|linux]   , Keysym::Num_Lock                  , todo!(CG)                               ,
 KeyboardKeypad::KeypadPeriodandDelete                     , Vk::Decimal             , VK_DECIMAL                             ,  0x6E  ,  0x63  , Enigo::Decimal                          ,                    , Keysym::KP_Decimal                , KeyCodeExt::kVK_ANSI_KeypadDecimal      ,
 KeyboardKeypad::KeypadPlus                                , Vk::Add                 , VK_ADD                                 ,  0x6B  ,  0x57  , Enigo::Add                              ,                    , Keysym::KP_Add                    , KeyCodeExt::kVK_ANSI_KeypadPlus         ,
 KeyboardKeypad::KeypadStar                                , Vk::Multiply            , VK_MULTIPLY                            ,  0x6A  ,  0x55  , Enigo::Multiply                         ,                    , Keysym::KP_Multiply               , KeyCodeExt::kVK_ANSI_KeypadMultiply     ,
 na!(HUT)                                                  , na!(Vk)                 , todo!(VK_)                             ,  n!()  ,  n!()  , Enigo::F25                              , #[linux]           , Keysym::F25                       , todo!(CG)                               ,
 na!(HUT)                                                  , na!(Vk)                 , todo!(VK_)                             ,  n!()  ,  n!()  , Enigo::F26                              , #[linux]           , Keysym::F26                       , todo!(CG)                               ,
 na!(HUT)                                                  , na!(Vk)                 , todo!(VK_)                             ,  n!()  ,  n!()  , Enigo::F27                              , #[linux]           , Keysym::F27                       , todo!(CG)                               ,
 na!(HUT)                                                  , na!(Vk)                 , todo!(VK_)                             ,  n!()  ,  n!()  , Enigo::F28                              , #[linux]           , Keysym::F28                       , todo!(CG)                               ,
 na!(HUT)                                                  , na!(Vk)                 , todo!(VK_)                             ,  n!()  ,  n!()  , Enigo::F29                              , #[linux]           , Keysym::F29                       , todo!(CG)                               ,
 na!(HUT)                                                  , na!(Vk)                 , todo!(VK_)                             ,  n!()  ,  n!()  , Enigo::F30                              , #[linux]           , Keysym::F30                       , todo!(CG)                               ,
 na!(HUT)                                                  , na!(Vk)                 , todo!(VK_)                             ,  n!()  ,  n!()  , Enigo::F31                              , #[linux]           , Keysym::F31                       , todo!(CG)                               ,
 na!(HUT)                                                  , na!(Vk)                 , todo!(VK_)                             ,  n!()  ,  n!()  , Enigo::F32                              , #[linux]           , Keysym::F32                       , todo!(CG)                               ,
 na!(HUT)                                                  , na!(Vk)                 , todo!(VK_)                             ,  n!()  ,  n!()  , Enigo::F33                              , #[linux]           , Keysym::F33                       , todo!(CG)                               ,
 na!(HUT)                                                  , na!(Vk)                 , todo!(VK_)                             ,  n!()  ,  n!()  , Enigo::F34                              , #[linux]           , Keysym::F34                       , todo!(CG)                               ,
 na!(HUT)                                                  , na!(Vk)                 , todo!(VK_)                             ,  n!()  ,  n!()  , Enigo::F35                              , #[linux]           , Keysym::F35                       , todo!(CG)                               ,
 none!(HUT)                                                , none!(Vk)               , VK__none_                              ,  0xFF  ,  n!()  , Enigo::None                             , #[windows]         , none!(Keysym)                     , todo!(CG)                               ,
 todo!(HUT)                                                , na!(Vk)                 , todo!(VK_)                             ,  n!()  ,  n!()  , Enigo::Begin                            , #[linux]           , Keysym::Begin                     , todo!(CG)                               ,
 todo!(HUT)                                                , na!(Vk)                 , todo!(VK_)                             ,  n!()  ,  n!()  , Enigo::Break                            , #[linux]           , Keysym::Break                     , todo!(CG)                               ,
 todo!(HUT)                                                , na!(Vk)                 , todo!(VK_)                             ,  n!()  ,  n!()  , Enigo::BrightnessDown                   , #[macos]           , todo!(Keysym)                     , todo!(CG)                               ,
 todo!(HUT)                                                , na!(Vk)                 , todo!(VK_)                             ,  n!()  ,  n!()  , Enigo::BrightnessUp                     , #[macos]           , todo!(Keysym)                     , todo!(CG)                               ,
 todo!(HUT)                                                , na!(Vk)                 , todo!(VK_)                             ,  n!()  ,  n!()  , Enigo::ContrastDown                     , #[macos]           , todo!(Keysym)                     , todo!(CG)                               ,
 todo!(HUT)                                                , na!(Vk)                 , todo!(VK_)                             ,  n!()  ,  n!()  , Enigo::ContrastUp                       , #[macos]           , todo!(Keysym)                     , todo!(CG)                               ,
 todo!(HUT)                                                , na!(Vk)                 , todo!(VK_)                             ,  n!()  ,  n!()  , Enigo::Eject                            , #[macos]           , todo!(Keysym)                     , todo!(CG)                               ,
 todo!(HUT)                                                , na!(Vk)                 , todo!(VK_)                             ,  n!()  ,  n!()  , Enigo::Find                             , #[linux]           , Keysym::Find                      , todo!(CG)                               ,
 todo!(HUT)                                                , na!(Vk)                 , todo!(VK_)                             ,  n!()  ,  n!()  , Enigo::Function                         , #[macos]           , todo!(Keysym)                     , KeyCode::FUNCTION                       ,
 todo!(HUT)                                                , na!(Vk)                 , todo!(VK_)                             ,  n!()  ,  n!()  , Enigo::IlluminationDown                 , #[macos]           , todo!(Keysym)                     , todo!(CG)                               ,
 todo!(HUT)                                                , na!(Vk)                 , todo!(VK_)                             ,  n!()  ,  n!()  , Enigo::IlluminationToggle               , #[macos]           , todo!(Keysym)                     , todo!(CG)                               ,
 todo!(HUT)                                                , na!(Vk)                 , todo!(VK_)                             ,  n!()  ,  n!()  , Enigo::IlluminationUp                   , #[macos]           , todo!(Keysym)                     , todo!(CG)                               ,
 todo!(HUT)                                                , na!(Vk)                 , todo!(VK_)                             ,  n!()  ,  n!()  , Enigo::Launchpad                        , #[macos]           , todo!(Keysym)                     , KeyCode::from(131)                      ,
 todo!(HUT)                                                , na!(Vk)                 , todo!(VK_)                             ,  n!()  ,  n!()  , Enigo::LaunchPanel                      , #[macos]           , todo!(Keysym)                     , todo!(CG)                               ,
 todo!(HUT)                                                , na!(Vk)                 , todo!(VK_)                             ,  n!()  ,  n!()  , Enigo::Linefeed                         , #[linux]           , Keysym::Linefeed                  , todo!(CG)                               ,
 todo!(HUT)                                                , na!(Vk)                 , todo!(VK_)                             ,  n!()  ,  n!()  , Enigo::MediaFast                        , #[macos]           , todo!(Keysym)                     , todo!(CG)                               ,
 todo!(HUT)                                                , na!(Vk)                 , todo!(VK_)                             ,  n!()  ,  n!()  , Enigo::MediaRewind                      , #[macos]           , todo!(Keysym)                     , todo!(CG)                               ,
 todo!(HUT)                                                , na!(Vk)                 , todo!(VK_)                             ,  n!()  ,  n!()  , Enigo::MicMute                          , #[linux]           , Keysym::XF86_AudioMicMute         , todo!(CG)                               ,
 todo!(HUT)                                                , na!(Vk)                 , todo!(VK_)                             ,  n!()  ,  n!()  , Enigo::MissionControl                   , #[macos]           , todo!(Keysym)                     , KeyCode::from(160)                      ,
 todo!(HUT)                                                , na!(Vk)                 , todo!(VK_)                             ,  n!()  ,  n!()  , Enigo::Power                            , #[macos]           , todo!(Keysym)                     , todo!(CG)                               ,
 todo!(HUT)                                                , na!(Vk)                 , todo!(VK_)                             ,  n!()  ,  n!()  , Enigo::RCommand                         , #[macos]           , todo!(Keysym)                     , KeyCode::RIGHT_COMMAND                  ,
 todo!(HUT)                                                , na!(Vk)                 , todo!(VK_)                             ,  n!()  ,  n!()  , Enigo::Redo                             , #[linux]           , Keysym::Redo                      , todo!(CG)                               ,
 todo!(HUT)                                                , na!(Vk)                 , todo!(VK_)                             ,  n!()  ,  n!()  , Enigo::ROption                          , #[macos]           , todo!(Keysym)                     , KeyCode::RIGHT_OPTION                   ,
 todo!(HUT)                                                , na!(Vk)                 , todo!(VK_)                             ,  n!()  ,  n!()  , Enigo::ScriptSwitch                     , #[linux]           , Keysym::script_switch             , todo!(CG)                               ,
 todo!(HUT)                                                , na!(Vk)                 , todo!(VK_)                             ,  n!()  ,  n!()  , Enigo::ShiftLock                        , #[linux]           , Keysym::Shift_Lock                , todo!(CG)                               ,
 todo!(HUT)                                                , na!(Vk)                 , todo!(VK_)                             ,  n!()  ,  n!()  , Enigo::SysReq                           , #[linux]           , Keysym::Sys_Req                   , todo!(CG)                               ,
 todo!(HUT)                                                , na!(Vk)                 , todo!(VK_)                             ,  n!()  ,  n!()  , Enigo::Undo                             , #[linux]           , Keysym::Undo                      , todo!(CG)                               ,
 todo!(HUT)                                                , na!(Vk)                 , todo!(VK_)                             ,  n!()  ,  n!()  , Enigo::VidMirror                        , #[macos]           , todo!(Keysym)                     , todo!(CG)                               ,
 todo!(HUT)                                                , na!(Vk)                 , VK_ABNT_C1                             ,  0xC1  ,  n!()  , Enigo::AbntC1                           , #[windows]         , todo!(Keysym)                     , todo!(CG)                               ,
 todo!(HUT)                                                , na!(Vk)                 , VK_ABNT_C2                             ,  0xC2  ,  n!()  , Enigo::AbntC2                           , #[windows]         , todo!(Keysym)                     , todo!(CG)                               ,
 todo!(HUT)                                                , na!(Vk)                 , VK_ATTN                                ,  0xF6  ,  n!()  , Enigo::Attn                             , #[windows]         , todo!(Keysym)                     , todo!(CG)                               ,
 todo!(HUT)                                                , na!(Vk)                 , VK_CRSEL                               ,  n!()  ,  n!()  , Enigo::Crsel                            , #[windows]         , todo!(Keysym)                     , todo!(CG)                               ,
 todo!(HUT)                                                , na!(Vk)                 , VK_DBE_ALPHANUMERIC                    ,  0xF0  ,  n!()  , Enigo::DBEAlphanumeric                  , #[windows]         , todo!(Keysym)                     , todo!(CG)                               ,
 todo!(HUT)                                                , na!(Vk)                 , VK_DBE_CODEINPUT                       ,  0xFA  ,  n!()  , Enigo::DBECodeinput                     , #[windows]         , todo!(Keysym)                     , todo!(CG)                               ,
 todo!(HUT)                                                , na!(Vk)                 , VK_DBE_DBCSCHAR                        ,  0xF4  ,  n!()  , Enigo::DBESChar                         , #[windows]         , todo!(Keysym)                     , todo!(CG)                               ,
 todo!(HUT)                                                , na!(Vk)                 , VK_DBE_DETERMINESTRING                 ,  0xFC  ,  n!()  , Enigo::DBEDetermineString               , #[windows]         , todo!(Keysym)                     , todo!(CG)                               ,
 todo!(HUT)                                                , na!(Vk)                 , VK_DBE_ENTERDLGCONVERSIONMODE          ,  0xFD  ,  n!()  , Enigo::DBEEnterDLGConversionMode        , #[windows]         , todo!(Keysym)                     , todo!(CG)                               ,
 todo!(HUT)                                                , na!(Vk)                 , VK_DBE_ENTERIMECONFIGMODE              ,  0xF8  ,  n!()  , Enigo::DBEEnterIMEConfigMode            , #[windows]         , todo!(Keysym)                     , todo!(CG)                               ,
 todo!(HUT)                                                , na!(Vk)                 , VK_DBE_ENTERWORDREGISTERMODE           ,  0xF7  ,  n!()  , Enigo::DBEEnterWordRegisterMode         , #[windows]         , todo!(Keysym)                     , todo!(CG)                               ,
 todo!(HUT)                                                , na!(Vk)                 , VK_DBE_FLUSHSTRING                     ,  0xF9  ,  n!()  , Enigo::DBEFlushString                   , #[windows]         , todo!(Keysym)                     , todo!(CG)                               ,
 todo!(HUT)                                                , na!(Vk)                 , VK_DBE_HIRAGANA                        ,  0xF2  ,  n!()  , Enigo::DBEHiragana                      , #[windows]         , todo!(Keysym)                     , todo!(CG)                               ,
 todo!(HUT)                                                , na!(Vk)                 , VK_DBE_KATAKANA                        ,  0xF1  ,  n!()  , Enigo::DBEKatakana                      , #[windows]         , todo!(Keysym)                     , todo!(CG)                               ,
 todo!(HUT)                                                , na!(Vk)                 , VK_DBE_NOCODEINPUT                     ,  0xFB  ,  n!()  , Enigo::DBENoCodepoint                   , #[windows]         , todo!(Keysym)                     , todo!(CG)                               ,
 todo!(HUT)                                                , na!(Vk)                 , VK_DBE_NOROMAN                         ,  0xF6  ,  n!()  , Enigo::DBENoRoman                       , #[windows]         , todo!(Keysym)                     , todo!(CG)                               ,
 todo!(HUT)                                                , na!(Vk)                 , VK_DBE_ROMAN                           ,  0xF5  ,  n!()  , Enigo::DBERoman                         , #[windows]         , todo!(Keysym)                     , todo!(CG)                               ,
 todo!(HUT)                                                , na!(Vk)                 , VK_DBE_SBCSCHAR                        ,  0xF3  ,  n!()  , Enigo::DBESBCSChar                      , #[windows]         , todo!(Keysym)                     , todo!(CG)                               ,
 todo!(HUT)                                                , na!(Vk)                 , VK_EREOF                               ,  0xF9  ,  n!()  , Enigo::Ereof                            , #[windows]         , todo!(Keysym)                     , todo!(CG)                               ,
 todo!(HUT)                                                , na!(Vk)                 , VK_EXSEL                               ,  0xF8  ,  n!()  , Enigo::Exsel                            , #[windows]         , todo!(Keysym)                     , todo!(CG)                               ,
 todo!(HUT)                                                , na!(Vk)                 , VK_GAMEPAD_A                           ,  0xC3  ,  n!()  , Enigo::GamepadA                         , #[windows]         , todo!(Keysym)                     , todo!(CG)                               ,
 todo!(HUT)                                                , na!(Vk)                 , VK_GAMEPAD_B                           ,  0xC4  ,  n!()  , Enigo::GamepadB                         , #[windows]         , todo!(Keysym)                     , todo!(CG)                               ,
 todo!(HUT)                                                , na!(Vk)                 , VK_GAMEPAD_DPAD_DOWN                   ,  0xCC  ,  n!()  , Enigo::GamepadDPadDown                  , #[windows]         , todo!(Keysym)                     , todo!(CG)                               ,
 todo!(HUT)                                                , na!(Vk)                 , VK_GAMEPAD_DPAD_LEFT                   ,  0xCD  ,  n!()  , Enigo::GamepadDPadLeft                  , #[windows]         , todo!(Keysym)                     , todo!(CG)                               ,
 todo!(HUT)                                                , na!(Vk)                 , VK_GAMEPAD_DPAD_RIGHT                  ,  0xCE  ,  n!()  , Enigo::GamepadDPadRight                 , #[windows]         , todo!(Keysym)                     , todo!(CG)                               ,
 todo!(HUT)                                                , na!(Vk)                 , VK_GAMEPAD_DPAD_UP                     ,  0xCB  ,  n!()  , Enigo::GamepadDPadUp                    , #[windows]         , todo!(Keysym)                     , todo!(CG)                               ,
 todo!(HUT)                                                , na!(Vk)                 , VK_GAMEPAD_LEFT_SHOULDER               ,  0xC8  ,  n!()  , Enigo::GamepadLeftShoulder              , #[windows]         , todo!(Keysym)                     , todo!(CG)                               ,
 todo!(HUT)                                                , na!(Vk)                 , VK_GAMEPAD_LEFT_THUMBSTICK_BUTTON      ,  0xD1  ,  n!()  , Enigo::GamepadLeftThumbstickButton      , #[windows]         , todo!(Keysym)                     , todo!(CG)                               ,
 todo!(HUT)                                                , na!(Vk)                 , VK_GAMEPAD_LEFT_THUMBSTICK_DOWN        ,  0xD4  ,  n!()  , Enigo::GamepadLeftThumbstickDown        , #[windows]         , todo!(Keysym)                     , todo!(CG)                               ,
 todo!(HUT)                                                , na!(Vk)                 , VK_GAMEPAD_LEFT_THUMBSTICK_LEFT        ,  0xD6  ,  n!()  , Enigo::GamepadLeftThumbstickLeft        , #[windows]         , todo!(Keysym)                     , todo!(CG)                               ,
 todo!(HUT)                                                , na!(Vk)                 , VK_GAMEPAD_LEFT_THUMBSTICK_RIGHT       ,  0xD5  ,  n!()  , Enigo::GamepadLeftThumbstickRight       , #[windows]         , todo!(Keysym)                     , todo!(CG)                               ,
 todo!(HUT)                                                , na!(Vk)                 , VK_GAMEPAD_LEFT_THUMBSTICK_UP          ,  0xD3  ,  n!()  , Enigo::GamepadLeftThumbstickUp          , #[windows]         , todo!(Keysym)                     , todo!(CG)                               ,
 todo!(HUT)                                                , na!(Vk)                 , VK_GAMEPAD_LEFT_TRIGGER                ,  0xC9  ,  n!()  , Enigo::GamepadLeftTrigger               , #[windows]         , todo!(Keysym)                     , todo!(CG)                               ,
 todo!(HUT)                                                , na!(Vk)                 , VK_GAMEPAD_MENU                        ,  0xCF  ,  n!()  , Enigo::GamepadMenu                      , #[windows]         , todo!(Keysym)                     , todo!(CG)                               ,
 todo!(HUT)                                                , na!(Vk)                 , VK_GAMEPAD_RIGHT_SHOULDER              ,  0xC7  ,  n!()  , Enigo::GamepadRightShoulder             , #[windows]         , todo!(Keysym)                     , todo!(CG)                               ,
 todo!(HUT)                                                , na!(Vk)                 , VK_GAMEPAD_RIGHT_THUMBSTICK_BUTTON     ,  0xD2  ,  n!()  , Enigo::GamepadRightThumbstickButton     , #[windows]         , todo!(Keysym)                     , todo!(CG)                               ,
 todo!(HUT)                                                , na!(Vk)                 , VK_GAMEPAD_RIGHT_THUMBSTICK_DOWN       ,  0xD8  ,  n!()  , Enigo::GamepadRightThumbstickDown       , #[windows]         , todo!(Keysym)                     , todo!(CG)                               ,
 todo!(HUT)                                                , na!(Vk)                 , VK_GAMEPAD_RIGHT_THUMBSTICK_LEFT       ,  0xDA  ,  n!()  , Enigo::GamepadRightThumbstickLeft       , #[windows]         , todo!(Keysym)                     , todo!(CG)                               ,
 todo!(HUT)                                                , na!(Vk)                 , VK_GAMEPAD_RIGHT_THUMBSTICK_RIGHT      ,  0xD9  ,  n!()  , Enigo::GamepadRightThumbstickRight      , #[windows]         , todo!(Keysym)                     , todo!(CG)                               ,
 todo!(HUT)                                                , na!(Vk)                 , VK_GAMEPAD_RIGHT_THUMBSTICK_UP         ,  0xD7  ,  n!()  , Enigo::GamepadRightThumbstickUp         , #[windows]         , todo!(Keysym)                     , todo!(CG)                               ,
 todo!(HUT)                                                , na!(Vk)                 , VK_GAMEPAD_RIGHT_TRIGGER               ,  0xCA  ,  n!()  , Enigo::GamepadRightTrigger              , #[windows]         , todo!(Keysym)                     , todo!(CG)                               ,
 todo!(HUT)                                                , na!(Vk)                 , VK_GAMEPAD_VIEW                        ,  0xD0  ,  n!()  , Enigo::GamepadView                      , #[windows]         , todo!(Keysym)                     , todo!(CG)                               ,
 todo!(HUT)                                                , na!(Vk)                 , VK_GAMEPAD_X                           ,  0xC5  ,  n!()  , Enigo::GamepadX                         , #[windows]         , todo!(Keysym)                     , todo!(CG)                               ,
 todo!(HUT)                                                , na!(Vk)                 , VK_GAMEPAD_Y                           ,  0xC6  ,  n!()  , Enigo::GamepadY                         , #[windows]         , todo!(Keysym)                     , todo!(CG)                               ,
 todo!(HUT)                                                , na!(Vk)                 , VK_ICO_00                              ,  0xE4  ,  n!()  , Enigo::Ico00                            , #[windows]         , todo!(Keysym)                     , todo!(CG)                               ,
 todo!(HUT)                                                , na!(Vk)                 , VK_ICO_CLEAR                           ,  0xE6  ,  n!()  , Enigo::IcoClear                         , #[windows]         , todo!(Keysym)                     , todo!(CG)                               ,
 todo!(HUT)                                                , na!(Vk)                 , VK_ICO_HELP                            ,  0xE3  ,  n!()  , Enigo::IcoHelp                          , #[windows]         , todo!(Keysym)                     , todo!(CG)                               ,
 todo!(HUT)                                                , na!(Vk)                 , VK_NAVIGATION_ACCEPT                   ,  0x8E  ,  n!()  , Enigo::NavigationAccept                 , #[windows]         , todo!(Keysym)                     , todo!(CG)                               ,
 todo!(HUT)                                                , na!(Vk)                 , VK_NAVIGATION_CANCEL                   ,  0x8F  ,  n!()  , Enigo::NavigationCancel                 , #[windows]         , todo!(Keysym)                     , todo!(CG)                               ,
 todo!(HUT)                                                , na!(Vk)                 , VK_NAVIGATION_DOWN                     ,  0x8B  ,  n!()  , Enigo::NavigationDown                   , #[windows]         , todo!(Keysym)                     , todo!(CG)                               ,
 todo!(HUT)                                                , na!(Vk)                 , VK_NAVIGATION_LEFT                     ,  0x8C  ,  n!()  , Enigo::NavigationLeft                   , #[windows]         , todo!(Keysym)                     , todo!(CG)                               ,
 todo!(HUT)                                                , na!(Vk)                 , VK_NAVIGATION_MENU                     ,  0x89  ,  n!()  , Enigo::NavigationMenu                   , #[windows]         , todo!(Keysym)                     , todo!(CG)                               ,
 todo!(HUT)                                                , na!(Vk)                 , VK_NAVIGATION_RIGHT                    ,  0x8D  ,  n!()  , Enigo::NavigationRight                  , #[windows]         , todo!(Keysym)                     , todo!(CG)                               ,
 todo!(HUT)                                                , na!(Vk)                 , VK_NAVIGATION_UP                       ,  0x8A  ,  n!()  , Enigo::NavigationUp                     , #[windows]         , todo!(Keysym)                     , todo!(CG)                               ,
 todo!(HUT)                                                , na!(Vk)                 , VK_NAVIGATION_VIEW                     ,  0x88  ,  n!()  , Enigo::NavigationView                   , #[windows]         , todo!(Keysym)                     , todo!(CG)                               ,
 todo!(HUT)                                                , na!(Vk)                 , VK_NONAME                              ,  0xFC  ,  n!()  , Enigo::NoName                           , #[windows]         , todo!(Keysym)                     , todo!(CG)                               ,
 todo!(HUT)                                                , na!(Vk)                 , VK_OEM_8                               ,  n!()  ,  n!()  , Enigo::OEM8                             , #[windows]         , todo!(Keysym)                     , todo!(CG)                               ,
 todo!(HUT)                                                , na!(Vk)                 , VK_OEM_ATTN                            ,  0xF0  ,  n!()  , Enigo::OEMAttn                          , #[windows]         , todo!(Keysym)                     , todo!(CG)                               ,
 todo!(HUT)                                                , na!(Vk)                 , VK_OEM_AUTO                            ,  0xF3  ,  n!()  , Enigo::OEMAuto                          , #[windows]         , todo!(Keysym)                     , todo!(CG)                               ,
 todo!(HUT)                                                , na!(Vk)                 , VK_OEM_AX                              ,  0xE1  ,  n!()  , Enigo::OEMAx                            , #[windows]         , todo!(Keysym)                     , todo!(CG)                               ,
 todo!(HUT)                                                , na!(Vk)                 , VK_OEM_BACKTAB                         ,  0xF5  ,  n!()  , Enigo::OEMBacktab                       , #[windows]         , todo!(Keysym)                     , todo!(CG)                               ,
 todo!(HUT)                                                , na!(Vk)                 , VK_OEM_CLEAR                           ,  0xFE  ,  n!()  , Enigo::OEMClear                         , #[windows]         , todo!(Keysym)                     , todo!(CG)                               ,
 todo!(HUT)                                                , na!(Vk)                 , VK_OEM_COPY                            ,  0xF2  ,  n!()  , Enigo::OEMCopy                          , #[windows]         , todo!(Keysym)                     , todo!(CG)                               ,
 todo!(HUT)                                                , na!(Vk)                 , VK_OEM_CUSEL                           ,  0xEF  ,  n!()  , Enigo::OEMCusel                         , #[windows]         , todo!(Keysym)                     , todo!(CG)                               ,
 todo!(HUT)                                                , na!(Vk)                 , VK_OEM_ENLW                            ,  0xF4  ,  n!()  , Enigo::OEMEnlw                          , #[windows]         , todo!(Keysym)                     , todo!(CG)                               ,
 todo!(HUT)                                                , na!(Vk)                 , VK_OEM_FINISH                          ,  0xF1  ,  n!()  , Enigo::OEMFinish                        , #[windows]         , todo!(Keysym)                     , todo!(CG)                               ,
 todo!(HUT)                                                , na!(Vk)                 , VK_OEM_FJ_JISHO                        ,  0x92  ,  n!()  , Enigo::OEMFJJisho                       , #[windows]         , todo!(Keysym)                     , todo!(CG)                               ,
 todo!(HUT)                                                , na!(Vk)                 , VK_OEM_FJ_LOYA                         ,  0x95  ,  n!()  , Enigo::OEMFJLoya                        , #[windows]         , todo!(Keysym)                     , todo!(CG)                               ,
 todo!(HUT)                                                , na!(Vk)                 , VK_OEM_FJ_MASSHOU                      ,  0x93  ,  n!()  , Enigo::OEMFJMasshou                     , #[windows]         , todo!(Keysym)                     , todo!(CG)                               ,
 todo!(HUT)                                                , na!(Vk)                 , VK_OEM_FJ_ROYA                         ,  0x96  ,  n!()  , Enigo::OEMFJRoya                        , #[windows]         , todo!(Keysym)                     , todo!(CG)                               ,
 todo!(HUT)                                                , na!(Vk)                 , VK_OEM_FJ_TOUROKU                      ,  0x94  ,  n!()  , Enigo::OEMFJTouroku                     , #[windows]         , todo!(Keysym)                     , todo!(CG)                               ,
 todo!(HUT)                                                , na!(Vk)                 , VK_OEM_JUMP                            ,  0xEA  ,  n!()  , Enigo::OEMJump                          , #[windows]         , todo!(Keysym)                     , todo!(CG)                               ,
 todo!(HUT)                                                , na!(Vk)                 , VK_OEM_NEC_EQUAL                       ,  0x92  ,  n!()  , Enigo::OEMNECEqual                      , #[windows]         , todo!(Keysym)                     , todo!(CG)                               ,
 todo!(HUT)                                                , na!(Vk)                 , VK_OEM_PA1                             ,  0xEB  ,  n!()  , Enigo::OEMPA1                           , #[windows]         , todo!(Keysym)                     , todo!(CG)                               ,
 todo!(HUT)                                                , na!(Vk)                 , VK_OEM_PA2                             ,  0xEC  ,  n!()  , Enigo::OEMPA2                           , #[windows]         , todo!(Keysym)                     , todo!(CG)                               ,
 todo!(HUT)                                                , na!(Vk)                 , VK_OEM_PA3                             ,  0xED  ,  n!()  , Enigo::OEMPA3                           , #[windows]         , todo!(Keysym)                     , todo!(CG)                               ,
 todo!(HUT)                                                , na!(Vk)                 , VK_OEM_RESET                           ,  0xE9  ,  n!()  , Enigo::OEMReset                         , #[windows]         , todo!(Keysym)                     , todo!(CG)                               ,
 todo!(HUT)                                                , na!(Vk)                 , VK_OEM_WSCTRL                          ,  0xEE  ,  n!()  , Enigo::OEMWsctrl                        , #[windows]         , todo!(Keysym)                     , todo!(CG)                               ,
 todo!(HUT)                                                , na!(Vk)                 , VK_PA1                                 ,  n!()  ,  n!()  , Enigo::PA1                              , #[windows]         , todo!(Keysym)                     , todo!(CG)                               ,
 todo!(HUT)                                                , na!(Vk)                 , VK_PACKET                              ,  0xE7  ,  n!()  , Enigo::Packet                           , #[windows]         , todo!(Keysym)                     , todo!(CG)                               ,
 todo!(HUT)                                                , na!(Vk)                 , VK_PLAY                                ,  0xFA  ,  n!()  , Enigo::Play                             , #[windows]         , todo!(Keysym)                     , todo!(CG)                               ,
 todo!(HUT)                                                , na!(Vk)                 , VK_PROCESSKEY                          ,  0xE5  ,  n!()  , Enigo::Processkey                       , #[windows]         , todo!(Keysym)                     , todo!(CG)                               ,
 todo!(HUT)                                                , na!(Vk)                 , VK_ZOOM                                ,  0xFB  ,  n!()  , Enigo::Zoom                             , #[windows]         , todo!(Keysym)                     , todo!(CG)                               ,
 todo!(HUT)                                                , Vk::Accept              , VK_ACCEPT                              ,  0x1E  ,  n!()  , Enigo::Accept                           , #[windows]         , todo!(Keysym)                     , todo!(CG)                               ,
 todo!(HUT)                                                , Vk::Convert             , VK_CONVERT                             ,  0x1C  ,  n!()  , Enigo::Convert                          , #[windows]         , todo!(Keysym)                     , todo!(CG)                               ,
 todo!(HUT)                                                , Vk::Final               , VK_FINAL                               ,  0x18  ,  n!()  , Enigo::Final                            , #[windows]         , todo!(Keysym)                     , todo!(CG)                               ,
 todo!(HUT)                                                , Vk::ImeOff              , VK_IME_OFF                             ,  0x1A  ,  n!()  , Enigo::IMEOff                           , #[windows]         , todo!(Keysym)                     , todo!(CG)                               ,
 todo!(HUT)                                                , Vk::ImeOn               , VK_IME_ON                              ,  0x16  ,  n!()  , Enigo::IMEOn                            , #[windows]         , todo!(Keysym)                     , todo!(CG)                               ,
 todo!(HUT)                                                , Vk::Junja               , VK_JUNJA                               ,  0x17  ,  n!()  , Enigo::Junja                            , #[windows]         , todo!(Keysym)                     , todo!(CG)                               ,
 todo!(HUT)                                                , Vk::Kana                , VK_KANA                                ,  0x15  ,  n!()  , Enigo::Kana                             , #[windows]         , todo!(Keysym)                     , todo!(CG)                               ,
 todo!(HUT)                                                , Vk::Kana*               , VK_HANGEUL                             ,  0x15  ,  n!()  , Enigo::Hangeul                          , #[windows]         , todo!(Keysym)                     , todo!(CG)                               ,
 todo!(HUT)                                                , Vk::Kana*               , VK_HANGUL                              ,  0x15  ,  n!()  , Enigo::Hangul                           , #[windows|linux]   , Keysym::Hangul                    , todo!(CG)                               ,
 todo!(HUT)                                                , Vk::Kanji               , VK_KANJI                               ,  0x19  ,  n!()  , Enigo::Kanji                            , #[windows|linux]   , Keysym::Kanji                     , todo!(CG)                               ,
 todo!(HUT)                                                , Vk::Kanji*              , VK_HANJA                               ,  0x19  ,  n!()  , Enigo::Hanja                            , #[windows|linux]   , Keysym::Hangul_Hanja              , todo!(CG)                               ,
 todo!(HUT)                                                , Vk::ModeChange          , VK_MODECHANGE                          ,  0x1F  ,  n!()  , Enigo::ModeChange                       , #[windows|linux]   , Keysym::Mode_switch               , todo!(CG)                               ,
 todo!(HUT)                                                , Vk::NonConvert          , VK_NONCONVERT                          ,  0x1D  ,  n!()  , Enigo::NonConvert                       , #[windows]         , todo!(Keysym)                     , todo!(CG)                               ,
 todo!(HUT)                                                , Vk::Print               , VK_PRINT                               ,  0x2A  ,  n!()  , Enigo::Print                            , #[windows|linux]   , Keysym::Print                     , todo!(CG)                               ,
 todo!(HUT)                                                , Vk::Separator           , VK_SEPARATOR                           ,  0x6C  ,  n!()  , Enigo::Separator                        , #[windows]         , todo!(Keysym)                     , todo!(CG)                               ,
 todo!(HUT)                                                , Vk::StartApp1           , VK_LAUNCH_APP1                         ,  0xB6  ,  n!()  , Enigo::LaunchApp1                       , #[windows]         , todo!(Keysym)                     , todo!(CG)                               ,
 todo!(HUT)                                                , Vk::StartApp2           , VK_LAUNCH_APP2                         ,  0xB7  ,  n!()  , Enigo::LaunchApp2                       , #[windows]         , todo!(Keysym)                     , todo!(CG)                               ,
